gene,rpkm_normal,rpkm_tumoral,chromosome,p_or_q,locus
MEP1A|4224_calculated,6.4751,13.0259,6,p,12-
PRIM2|5558_calculated,2.6321,3.6733,6,p,12-
SLC35B2|347734_calculated,25.4255,32.9172,6,p,12.1-
MLIP|90523_calculated,0.0497,0.0554,6,p,12.2-
BAG2|9532_calculated,32.7874,8.9568,6,p,12.3-
FBXO9|26268_calculated,9.908,7.8882,6,p,12.3-
ICK|22858_calculated,7.6181,7.5547,6,p,12.3-
COL21A1|81578_calculated,2.1253,0.3178,6,p,12.3-
GCM1|8521_calculated,0.031,0.0744,6,p,21-
ELOVL5|60481_calculated,13.8581,9.1188,6,p,21.1-
TRAM2|9697_calculated,13.0392,9.4155,6,p,21.1-
PTK7|5754_calculated,8.7151,13.7536,6,p,21.1-
TRERF1|55809_calculated,3.8479,3.0486,6,p,21.1-
CYP39A1|51302_calculated,2.9278,1.0794,6,p,21.1-
SUPT3H|8464_calculated,2.3033,2.1357,6,p,21.1-
ENPP5|59084_calculated,1.6308,1.7545,6,p,21.1-
PLA2G7|7941_calculated,4.5148,5.4777,6,p,21.2-
PKHD1|5314_calculated,0.1347,0.1777,6,p,21.2-
KCNK16|83795_calculated,0.1114,0.2318,6,p,21.2-
LRFN2|57497_calculated,0.0936,0.1374,6,p,21.2-
CRISP1|167_calculated,0.0049,0.0068,6,p,21.2-
GLO1|2739_calculated,53.7228,72.8536,6,p,21.3-
MEA1|4201_calculated,30.4251,41.2199,6,p,21.3-
MAPK14|1432_calculated,10.1779,8.9193,6,p,21.3-
TMEM217|221468_calculated,0.5486,0.6893,6,p,21.31-
DEF6|50619_calculated,7.7672,9.3827,6,p,21.33-
PEX6|5190_calculated,7.3705,8.6224,6,p,22-
FANCE|2178_calculated,2.2937,3.6687,6,p,22-
OR2H2|7932_calculated,0.0178,0.0174,6,p,22.2-
OR2B3|442184_calculated,0.0088,0.0113,6,p,22.2-
OR11A1|26531_calculated,0.0047,0.0073,6,p,22.2-
OR12D2|26529_calculated,0.0026,0.0057,6,p,22.2-
OR2J3|442186_calculated,0.0014,0.0022,6,p,22.2-
OR10C1|442194_calculated,0.0011,0.0019,6,p,22.2-
OR2J2|26707_calculated,0.0009,0.0016,6,p,22.2-
TDP2|51567_calculated,17.9766,21.8054,6,p,22.3-
MRS2|57380_calculated,7.1577,8.1554,6,p,22.3-
FAM65B|9750_calculated,3.2695,1.1217,6,p,22.3-
SCGN|10590_calculated,1.8509,3.4175,6,p,22.3-
OR2B2|81697_calculated,0.0236,0.0242,6,p,22.3-
MYLIP|29116_calculated,15.9056,9.9162,6,p,23-
CMAHP|8418_calculated,3.2808,1.3368,6,p,23-
BMP6|654_calculated,9.4747,12.006,6,p,24-
HIVEP1|3096_calculated,5.6167,4.1537,6,p,24-
JARID2|3720_calculated,4.9622,5.2559,6,p,24-
GFOD1|54438_calculated,4.2377,1.2979,6,p,24.1-
F13A1|2162_calculated,13.5822,6.2946,6,p,24.2-
NEDD9|4739_calculated,15.2299,14.3375,6,p,25-
IRF4|3662_calculated,2.048,2.1405,6,p,25-
TMEM14B|81853_calculated,14.9431,21.6011,6,p,25.1-
PGC|5225_calculated,1682.9445,2401.6369,6,p,
RPS18|6222_calculated,687.2286,925.8197,6,p,
HLA-DRA|3122_calculated,571.5333,703.2675,6,p,
HLA-C|3107_calculated,545.1921,850.4936,6,p,
HSP90AB1|3326_calculated,423.7928,515.8278,6,p,
RPL10A|4736_calculated,368.9604,390.535,6,p,
HLA-A|3105_calculated,359.2686,542.4851,6,p,
HLA-E|3133_calculated,273.8644,298.6092,6,p,
TUBB|203068_calculated,247.7441,327.5538,6,p,
CLIC1|1192_calculated,202.4046,387.4239,6,p,
HLA-DPA1|3113_calculated,171.9857,207.9078,6,p,
HLA-DRB5|3127_calculated,132.3854,210.2846,6,p,
UBD|10537_calculated,117.557,198.8927,6,p,
HMGA1|3159_calculated,97.6613,256.2073,6,p,
TAPBP|6892_calculated,89.9486,101.6979,6,p,
SERPINB1|1992_calculated,84.6995,158.1034,6,p,
YIPF3|25844_calculated,71.7699,96.5625,6,p,
FLOT1|10211_calculated,69.9976,70.628,6,p,
IER3|8870_calculated,67.8108,132.169,6,p,
CUTA|51596_calculated,61.3644,75.5482,6,p,
HLA-DQB1|3119_calculated,59.3609,86.2231,6,p,
C6orf48|50854_calculated,59.2492,62.5083,6,p,
BAG6|7917_calculated,55.515,68.1168,6,p,
MTCH1|23787_calculated,53.1032,62.8277,6,p,
SLC44A4|80736_calculated,52.7172,109.6779,6,p,
PRRC2A|7916_calculated,51.7463,52.1349,6,p,
DEK|7913_calculated,49.9269,63.1074,6,p,
RPS10-NUDT3|100529239_calculated,49.8255,58.3315,6,p,
PPP1R11|6992_calculated,48.7358,60.8644,6,p,
HLA-DPB1|3115_calculated,47.7678,51.968,6,p,
CDKN1A|1026_calculated,47.3321,59.771,6,p,
TAP1|6890_calculated,47.1055,102.5969,6,p,
HLA-DMA|3108_calculated,46.5329,76.3909,6,p,
RNF5|6048_calculated,46.3491,57.941,6,p,
GMDS|2762_calculated,43.7259,81.0984,6,p,
SRF|6722_calculated,43.6182,22.1293,6,p,
CSNK2B|1460_calculated,42.5242,57.6556,6,p,
SRSF3|6428_calculated,42.2048,49.4778,6,p,
HIST1H2BK|85236_calculated,41.7354,94.0761,6,p,
TXNDC5|81567_calculated,41.6193,60.0541,6,p,
SLC29A1|2030_calculated,41.2521,27.2858,6,p,
TNFRSF21|27242_calculated,41.1697,59.3718,6,p,
HLA-DQA1|3117|2of2_calculated,40.5553,50.6088,6,p,
NOL7|51406_calculated,39.845,50.7716,6,p,
DDR1|780_calculated,39.5714,71.8322,6,p,
TMEM14C|51522_calculated,38.453,43.6489,6,p,
SOX4|6659_calculated,38.2934,44.0751,6,p,
TOMM6|100188893_calculated,37.6579,55.8584,6,p,
BRD2|6046|1of2_calculated,37.5133,42.6112,6,p,
HSPA1A|3303_calculated,36.4931,32.6327,6,p,
SLC39A7|7922_calculated,36.4435,58.017,6,p,
C6orf62|81688_calculated,35.1475,36.2134,6,p,
BRD2|6046|2of2_calculated,34.761,34.498,6,p,
KLHDC3|116138_calculated,34.4193,38.1533,6,p,
RAB23|51715_calculated,33.7051,7.5411,6,p,
DDAH2|23564_calculated,33.3787,33.4668,6,p,
PSMB9|5698_calculated,32.9444,58.5333,6,p,
MRPL14|64928_calculated,32.5255,56.3416,6,p,
LTB|4050_calculated,32.3805,18.639,6,p,
RCAN2|10231|2of2_calculated,32.0516,7.5849,6,p,
MRPS18B|28973_calculated,31.8514,45.078,6,p,
HMGN4|10473_calculated,31.7238,30.3604,6,p,
CNPY3|10695_calculated,31.6282,41.444,6,p,
SNRPC|6631_calculated,31.2346,52.9244,6,p,
ZFAND3|60685_calculated,30.4733,26.3897,6,p,
PSMB8|5696_calculated,30.4379,57.2265,6,p,
ATF6B|1388_calculated,30.2885,35.457,6,p,
DSP|1832_calculated,30.091,59.1145,6,p,
FOXP4|116113_calculated,29.4179,41.3841,6,p,
RRP36|88745_calculated,29.2449,38.0797,6,p,
DDX39B|7919_calculated,28.9162,35.9433,6,p,
C6orf106|64771_calculated,28.7132,29.9486,6,p,
AGPAT1|10554_calculated,27.9131,29.4241,6,p,
CFB|629_calculated,27.7895,49.4146,6,p,
RCAN2|10231|1of2_calculated,27.3126,4.6335,6,p,
LSM2|57819_calculated,27.3115,42.1675,6,p,
FOXF2|2295_calculated,26.5912,7.7917,6,p,
ITPR3|3710_calculated,25.7779,39.3956,6,p,
MCM3|4172_calculated,25.0272,45.2748,6,p,
HLA-F|3134_calculated,25.015,32.9833,6,p,
VEGFA|7422_calculated,24.4675,40.2626,6,p,
ABCF1|23_calculated,24.3563,29.1563,6,p,
FOXQ1|94234_calculated,24.2153,61.8583,6,p,
GABBR1|2550_calculated,24.16,34.2691,6,p,
CCND3|896_calculated,23.9926,27.1152,6,p,
HSPA1B|3304_calculated,23.2072,36.7332,6,p,
MAPK13|5603_calculated,22.6528,46.4256,6,p,
PRICKLE4|29964_calculated,22.4719,32.7553,6,p,
PHF1|5252_calculated,22.4142,14.2931,6,p,
PFDN6|10471_calculated,22.1034,34.8507,6,p,
PIM1|5292_calculated,21.7737,20.1642,6,p,
RANBP9|10048_calculated,21.3004,19.8835,6,p,
TRIM31|11074_calculated,21.2926,29.586,6,p,
VARS|7407_calculated,20.947,33.4413,6,p,
PPP1R18|170954_calculated,20.4453,14.4651,6,p,
TEAD3|7005_calculated,20.1864,11.2309,6,p,
MRPS10|55173_calculated,20.0592,25.0588,6,p,
SSR1|6745_calculated,19.8311,24.9486,6,p,
DPCR1|135656_calculated,19.5237,51.3299,6,p,
PBX2|5089_calculated,19.2302,17.8694,6,p,
NEU1|4758_calculated,19.1788,25.1479,6,p,
PPP2R5D|5528_calculated,19.0593,23.6094,6,p,
CAP2|10486_calculated,18.9634,2.729,6,p,
C6orf89|221477_calculated,18.4671,14.7757,6,p,
PXDC1|221749_calculated,18.457,15.1149,6,p,
CD2AP|23607_calculated,18.4395,27.666,6,p,
TNXB|7148|2of2_calculated,18.2891,4.3475,6,p,
HSPA1L|3305_calculated,18.173,16.1369,6,p,
WRNIP1|56897_calculated,18.1637,25.8197,6,p,
PPP1R10|5514_calculated,18.1598,20.3573,6,p,
TMEM63B|55362_calculated,17.5702,24.3464,6,p,
KCTD20|222658_calculated,17.5666,12.319,6,p,
HIST1H1C|3006_calculated,17.4901,45.2601,6,p,
STK38|11329_calculated,17.3597,17.873,6,p,
HCP5|10866_calculated,17.3174,26.8094,6,p,
ECI2|10455_calculated,17.0345,19.455,6,p,
VPS52|6293_calculated,17.0129,19.6854,6,p,
SERPINB6|5269_calculated,16.5651,22.1954,6,p,
ZNRD1|30834_calculated,16.2946,22.7286,6,p,
DAXX|1616_calculated,16.1202,21.4215,6,p,
DAAM2|23500_calculated,16.0799,3.1285,6,p,
HLA-DQA1|3117|1of2_calculated,15.9815,20.1399,6,p,
GTPBP2|54676_calculated,15.5305,18.5354,6,p,
TUBB2A|7280|2of2_calculated,15.4961,19.9547,6,p,
LEMD2|221496_calculated,15.2983,19.8483,6,p,
PI16|221476_calculated,15.199,2.7378,6,p,
TRIM26|7726_calculated,15.1968,18.8758,6,p,
PPIL1|51645_calculated,15.0809,24.1762,6,p,
FAM8A1|51439_calculated,15.0085,10.9053,6,p,
BTN3A2|11118_calculated,14.9139,15.8119,6,p,
AIF1|199_calculated,14.8315,12.7036,6,p,
POLR1C|9533_calculated,14.7694,22.0968,6,p,
SRPK1|6732_calculated,14.5796,23.27,6,p,
RING1|6015_calculated,14.5253,14.9361,6,p,
TMEM14A|28978_calculated,14.4659,22.3955,6,p,
MRPS18A|55168_calculated,14.0972,21.8201,6,p,
ANKS1A|23294_calculated,13.9405,8.3524,6,p,
CCDC167|154467_calculated,13.856,24.0393,6,p,
ABHD16A|7920_calculated,13.8123,19.2668,6,p,
GPSM3|63940_calculated,13.7209,13.1307,6,p,
EHMT2|10919_calculated,13.5212,17.3901,6,p,
TBCC|6903_calculated,13.2959,13.7386,6,p,
HLA-DMB|3109_calculated,13.2307,16.9838,6,p,
HLA-DQA2|3118_calculated,13.0699,17.4432,6,p,
EGFL8|80864_calculated,12.7497,12.6521,6,p,
RPL7L1|285855_calculated,12.7232,15.3907,6,p,
RGL2|5863_calculated,12.7075,12.4699,6,p,
BRPF3|27154_calculated,12.5983,12.362,6,p,
C6orf1|221491_calculated,12.5712,12.7741,6,p,
NUP153|9972_calculated,12.5291,13.958,6,p,
WDR46|9277_calculated,12.4754,17.2641,6,p,
ID4|3400_calculated,12.2995,6.3386,6,p,
NRM|11270_calculated,12.1971,15.0499,6,p,
BTN3A3|10384_calculated,12.147,10.8896,6,p,
TAP2|6891_calculated,11.9035,17.7629,6,p,
FKBP5|2289_calculated,11.8927,4.615,6,p,
HLA-DRB6|3128_calculated,11.8107,18.755,6,p,
HIST1H2AC|8334_calculated,11.7231,20.593,6,p,
C6orf47|57827_calculated,11.5244,13.0327,6,p,
TAF11|6882_calculated,11.5188,13.3884,6,p,
PPARD|5467_calculated,11.4066,14.552,6,p,
DUSP22|56940_calculated,11.4003,7.7266,6,p,
LY86|9450_calculated,11.2651,6.5664,6,p,
TRIM38|10475_calculated,11.2591,8.3226,6,p,
PAQR8|85315_calculated,11.1187,15.7651,6,p,
PRPF4B|8899_calculated,11.0748,10.8036,6,p,
XPO5|57510_calculated,10.9578,14.1899,6,p,
BTN3A1|11119_calculated,10.7923,12.1657,6,p,
EEF1E1|9521_calculated,10.7481,16.7395,6,p,
DHX16|8449_calculated,10.7226,12.0538,6,p,
SFTA2|389376_calculated,10.6573,31.0518,6,p,
RIPK1|8737_calculated,10.3761,10.645,6,p,
HLA-G|3135_calculated,10.3259,15.6446,6,p,
MAD2L1BP|9587_calculated,10.2742,15.4005,6,p,
LST1|7940_calculated,10.2498,10.0695,6,p,
ABT1|29777_calculated,10.1162,14.8834,6,p,
RXRB|6257_calculated,10.116,10.1037,6,p,
SKIV2L|6499_calculated,10.0486,11.6462,6,p,
C6orf132|647024_calculated,9.9473,17.8189,6,p,
HLA-DOA|3111_calculated,9.8981,9.4341,6,p,
BAK1|578_calculated,9.5783,19.0575,6,p,
MRPL2|51069_calculated,9.5685,15.394,6,p,
CDC5L|988_calculated,9.3858,9.8515,6,p,
TREM2|54209_calculated,9.3215,9.6458,6,p,
KIF13A|63971_calculated,9.32,6.6742,6,p,
DST|667_calculated,9.263,3.7852,6,p,
HCG25|414765_calculated,9.243,10.5449,6,p,
NFKBIL1|4795_calculated,9.0224,9.4343,6,p,
LYRM4|57128_calculated,8.9092,9.5802,6,p,
MUT|4594_calculated,8.7158,9.145,6,p,
PAK1IP1|55003_calculated,8.5983,13.6118,6,p,
TRIM39-RPP21|202658_calculated,8.4797,8.5935,6,p,
MDFI|4188_calculated,8.3894,15.1338,6,p,
SPDEF|25803_calculated,8.3247,17.8259,6,p,
GSTA1|2938_calculated,8.2365,27.1023,6,p,
HIST1H2BD|3017_calculated,8.2055,17.2503,6,p,
LRRC1|55227_calculated,8.0969,12.5429,6,p,
SERPINB9|5272_calculated,8.0448,7.091,6,p,
TPMT|7172_calculated,8.0399,14.0434,6,p,
CUL7|9820_calculated,7.9407,8.328,6,p,
ACOT13|55856_calculated,7.7243,8.0129,6,p,
MOCS1|4337_calculated,7.6835,3.5424,6,p,
C4B|721|1of2_calculated,7.656,2.6999,6,p,
PPT2|9374_calculated,7.604,6.888,6,p,
GCLC|2729_calculated,7.5917,8.4572,6,p,
UBR2|23304_calculated,7.4217,6.3373,6,p,
TRIM27|5987_calculated,7.4189,9.5876,6,p,
GPR116|221395_calculated,7.409,4.6732,6,p,
UNC5CL|222643_calculated,7.378,13.442,6,p,
KLC4|89953_calculated,7.2944,9.5067,6,p,
GMNN|51053_calculated,7.2841,16.1537,6,p,
C4B|721|2of2_calculated,7.2812,2.2855,6,p,
EXOC2|55770_calculated,7.1653,7.3485,6,p,
C6orf136|221545_calculated,7.0903,11.7969,6,p,
FAM50B|26240_calculated,7.0873,6.4646,6,p,
HSD17B8|7923_calculated,7.0789,10.0457,6,p,
ZNF318|24149_calculated,6.9971,6.4243,6,p,
CDYL|9425_calculated,6.9906,6.5292,6,p,
C6orf226|441150_calculated,6.973,6.2893,6,p,
SLC35B3|51000_calculated,6.7363,7.5937,6,p,
BTN2A1|11120_calculated,6.7086,6.2868,6,p,
FOXC1|2296_calculated,6.6487,10.0832,6,p,
TJAP1|93643_calculated,6.6046,5.7876,6,p,
DTNBP1|84062_calculated,6.5966,6.2291,6,p,
NFKBIE|4794_calculated,6.5913,10.8423,6,p,
GMPR|2766_calculated,6.5863,4.6499,6,p,
GNL1|2794_calculated,6.4408,5.9109,6,p,
MBOAT1|154141_calculated,6.4179,8.9848,6,p,
ZBTB22|9278_calculated,6.331,5.6211,6,p,
RIOK1|83732_calculated,6.3274,8.004,6,p,
RREB1|6239_calculated,6.3225,6.9268,6,p,
ATXN1|6310_calculated,6.3218,3.3041,6,p,
HLA-DQB2|3120_calculated,6.3006,8.6792,6,p,
ENPP4|22875_calculated,6.2426,5.9605,6,p,
B3GALT4|8705_calculated,6.2308,6.6252,6,p,
MICA|100507436_calculated,6.1908,6.5173,6,p,
KCNK5|8645_calculated,6.1603,11.2646,6,p,
KDM1B|221656_calculated,6.0391,8.3133,6,p,
BYSL|705_calculated,6.0245,11.4172,6,p,
TAF8|129685_calculated,6.0168,5.1403,6,p,
SYNGAP1|8831_calculated,5.98,3.2,6,p,
MED20|9477_calculated,5.948,8.1586,6,p,
MDC1|9656_calculated,5.9219,6.4003,6,p,
HCG18|414777_calculated,5.7149,4.241,6,p,
CD83|9308_calculated,5.676,5.2601,6,p,
HLA-J|3137_calculated,5.6588,7.7153,6,p,
GTF2H4|2968_calculated,5.6121,7.1665,6,p,
ALDH5A1|7915_calculated,5.5511,7.3693,6,p,
TCF19|6941_calculated,5.4915,10.3713,6,p,
ZNF76|7629_calculated,5.441,5.3068,6,p,
AARS2|57505_calculated,5.3522,5.8606,6,p,
C6orf222|389384_calculated,5.3178,8.1878,6,p,
LRRC16A|55604_calculated,5.2977,8.4765,6,p,
GPANK1|7918_calculated,5.295,6.3621,6,p,
KIFC1|3833_calculated,5.2883,13.4495,6,p,
APOM|55937_calculated,5.2738,6.629,6,p,
SLC22A23|63027_calculated,5.2548,7.2157,6,p,
TFEB|7942_calculated,5.2003,4.4964,6,p,
NFYA|4800_calculated,5.1627,6.2584,6,p,
BPHL|670_calculated,5.1603,8.8871,6,p,
CUL9|23113_calculated,5.0856,4.0911,6,p,
ABCC10|89845_calculated,5.056,5.4154,6,p,
FARS2|10667_calculated,5.0435,5.8151,6,p,
EDN1|1906_calculated,5.0201,5.1023,6,p,
ETV7|51513_calculated,4.7638,10.0122,6,p,
PSMG4|389362_calculated,4.6605,6.502,6,p,
NQO2|4835_calculated,4.5921,6.6404,6,p,
LY6G5B|58496_calculated,4.5588,3.3751,6,p,
RNF144B|255488_calculated,4.4569,3.3679,6,p,
CCHCR1|54535_calculated,4.4003,6.6035,6,p,
GSTA4|2941_calculated,4.1935,3.9995,6,p,
HCG11|493812_calculated,4.1582,2.0637,6,p,
RNF39|80352_calculated,4.1571,5.9693,6,p,
POLH|5429_calculated,4.0302,3.5181,6,p,
CDKAL1|54901_calculated,4.0199,3.2964,6,p,
VARS2|57176_calculated,3.9735,5.977,6,p,
CLIC5|53405_calculated,3.9678,2.79,6,p,
HIST1H1E|3008_calculated,3.9668,7.8046,6,p,
E2F3|1871_calculated,3.9574,5.0684,6,p,
MICB|4277_calculated,3.948,4.8482,6,p,
RPP40|10799_calculated,3.9113,6.2209,6,p,
CPNE5|57699_calculated,3.8765,4.0139,6,p,
FAM83B|222584_calculated,3.8673,6.5251,6,p,
TBC1D22B|55633_calculated,3.8466,5.1088,6,p,
PRR3|80742_calculated,3.8382,3.4656,6,p,
NOTCH4|4855_calculated,3.7213,2.5002,6,p,
ZNF451|26036_calculated,3.616,3.1005,6,p,
PRSS16|10279_calculated,3.5585,6.5553,6,p,
UHRF1BP1|54887_calculated,3.5485,3.8516,6,p,
HFE|3077|1of2_calculated,3.5131,4.0072,6,p,
TRIM15|89870_calculated,3.4339,8.9628,6,p,
ZBTB9|221504_calculated,3.4248,5.1667,6,p,
ATAT1|79969_calculated,3.3701,4.0229,6,p,
SAYSD1|55776_calculated,3.3637,3.4659,6,p,
NRN1|51299_calculated,3.3612,1.9233,6,p,
PRRT1|80863_calculated,3.3333,1.1648,6,p,
SAPCD1|401251_calculated,3.1948,4.3505,6,p,
BTBD9|114781_calculated,3.0795,2.8486,6,p,
ADTRP|84830_calculated,3.0728,8.0612,6,p,
HIST1H4C|8364_calculated,3.034,5.1603,6,p,
ZBTB12|221527_calculated,3.0243,4.0089,6,p,
MUC21|394263_calculated,2.7448,42.63,6,p,
FGD2|221472_calculated,2.6953,1.5633,6,p,
ZNF204P|7754_calculated,2.6929,1.8331,6,p,
STK19|8859|1of2_calculated,2.6508,2.772,6,p,
KIAA1586|57691_calculated,2.6236,1.7304,6,p,
HIST1H4H|8365_calculated,2.6224,4.9848,6,p,
HCG26|352961_calculated,2.5974,2.1842,6,p,
HFE|3077|2of2_calculated,2.5663,2.9805,6,p,
MLN|4295_calculated,2.5492,1.3478,6,p,
FKBPL|63943_calculated,2.5448,3.9451,6,p,
FRS3|10817_calculated,2.5137,2.5017,6,p,
RUNX2|860_calculated,2.5116,2.3054,6,p,
RBM24|221662_calculated,2.5004,0.3809,6,p,
MIR4641|100616178_calculated,2.4859,3.6206,6,p,
ZNF184|7738_calculated,2.4445,2.8367,6,p,
SIRT5|23408_calculated,2.4287,2.7116,6,p,
MSH5|4439_calculated,2.4147,2.9971,6,p,
CENPQ|55166_calculated,2.4082,3.3594,6,p,
VWA7|80737_calculated,2.3854,3.5411,6,p,
ZSCAN16|80345_calculated,2.3659,3.0038,6,p,
RNF8|9025_calculated,2.3613,2.668,6,p,
HLA-L|3139_calculated,2.3166,3.998,6,p,
TUBB2B|347733_calculated,2.2238,3.7516,6,p,
PSORS1C1|170679_calculated,2.1567,2.8284,6,p,
SNRNP48|154007_calculated,2.1284,2.5626,6,p,
BTN2A2|10385_calculated,2.0709,1.9176,6,p,
PGBD1|84547_calculated,2.0649,1.0503,6,p,
TFAP2A|7020_calculated,2.0288,5.5647,6,p,
EFHC1|114327_calculated,1.8878,1.5109,6,p,
GUSBP4|375513_calculated,1.8724,1.6866,6,p,
C6orf141|135398_calculated,1.8706,2.3116,6,p,
SNORD48|26801_calculated,1.8202,1.984,6,p,
TBC1D7|51256_calculated,1.7949,2.9304,6,p,
ZKSCAN4|387032_calculated,1.791,1.7364,6,p,
LY6G5C|80741_calculated,1.7853,1.9165,6,p,
C6orf201|404220_calculated,1.7713,1.9042,6,p,
ZKSCAN3|80317_calculated,1.7234,1.14,6,p,
ZSCAN12|9753_calculated,1.6958,1.0304,6,p,
HIST1H2BG|8339_calculated,1.6409,3.009,6,p,
ZNF165|7718_calculated,1.6329,3.0747,6,p,
HIST1H2AE|3012_calculated,1.5922,3.9374,6,p,
SLC25A27|9481_calculated,1.5684,0.4808,6,p,
SNORD52|26797_calculated,1.5361,2.0685,6,p,
GSTA2|2939_calculated,1.5106,7.2765,6,p,
GCNT2|2651_calculated,1.5069,1.2573,6,p,
HIST1H2BC|8347_calculated,1.4955,4.2697,6,p,
HIST1H2BH|8345_calculated,1.4696,3.8127,6,p,
PPP1R3G|648791_calculated,1.4646,0.7885,6,p,
NHLRC1|378884_calculated,1.4506,1.6232,6,p,
ZNF322|79692|2of2_calculated,1.45,1.4719,6,p,
ZNF391|346157_calculated,1.4247,1.0089,6,p,
C6orf223|221416_calculated,1.4117,4.0042,6,p,
TMEM170B|100113407_calculated,1.408,0.6527,6,p,
RN7SK|125050|19of128_calculated,1.3959,0.789,6,p,
ATP6V1G2|534_calculated,1.3944,0.323,6,p,
PHACTR1|221692_calculated,1.3147,0.4946,6,p,
APOBEC2|10930_calculated,1.2935,1.2737,6,p,
MDGA1|266727_calculated,1.2754,0.5078,6,p,
HLA-F-AS1|285830_calculated,1.2751,0.9342,6,p,
LTA|4049_calculated,1.2214,0.8697,6,p,
AGER|177_calculated,1.2018,0.8215,6,p,
NCR3|259197_calculated,1.1782,0.789,6,p,
POU5F1|5460|1of3_calculated,1.1608,1.4883,6,p,
PSORS1C3|100130889_calculated,1.1479,1.5807,6,p,
DCDC2|51473_calculated,1.1158,1.2181,6,p,
CDSN|1041_calculated,1.1084,1.1091,6,p,
TNXB|7148|1of2_calculated,1.0967,0.1624,6,p,
TUBB2A|7280|1of2_calculated,1.0897,1.7643,6,p,
SYCP2L|221711_calculated,1.0585,1.5216,6,p,
SCUBE3|222663_calculated,1.0315,0.5843,6,p,
TREML2|79865_calculated,0.9952,0.7167,6,p,
ZSCAN12P1|221584_calculated,0.9674,1.1484,6,p,
HIST1H2BN|8341_calculated,0.9632,2.2072,6,p,
HIST1H3E|8353_calculated,0.9627,1.2847,6,p,
CRISP3|10321_calculated,0.959,10.7431,6,p,
ZNRD1-AS1|80862_calculated,0.9472,1.1782,6,p,
COL11A2|1302_calculated,0.9337,0.9991,6,p,
HIST1H2BF|8343_calculated,0.9265,1.9953,6,p,
HIST1H4E|8367_calculated,0.9256,1.6419,6,p,
BTN2A3P|54718_calculated,0.9143,0.816,6,p,
HIST1H2AM|8336_calculated,0.8936,2.5859,6,p,
HIST1H2AD|3013_calculated,0.8933,2.3797,6,p,
PRPH2|5961_calculated,0.8623,0.3046,6,p,
NKAPL|222698_calculated,0.8601,0.1647,6,p,
BEND6|221336_calculated,0.8237,0.2384,6,p,
SLC17A4|10050_calculated,0.8172,0.9279,6,p,
CRIP3|401262_calculated,0.8141,0.5774,6,p,
TREM1|54210_calculated,0.8024,1.5332,6,p,
HIST1H2BJ|8970_calculated,0.8014,1.993,6,p,
SNORD117|692233_calculated,0.774,0.4436,6,p,
TNF|7124_calculated,0.7634,1.0246,6,p,
DLK2|65989_calculated,0.7542,0.9015,6,p,
HIST1H2AG|8969_calculated,0.7401,1.7824,6,p,
RNF182|221687_calculated,0.7307,0.4301,6,p,
POU5F1|5460|3of3_calculated,0.71,0.8723,6,p,
POU5F1|5460|2of3_calculated,0.7055,0.7751,6,p,
HIST1H3H|8357_calculated,0.6881,1.5999,6,p,
GPR110|266977_calculated,0.6836,1.4226,6,p,
HCG27|253018_calculated,0.6705,0.4,6,p,
GPLD1|2822_calculated,0.668,0.257,6,p,
USP49|25862_calculated,0.6501,0.486,6,p,
HIST1H1D|3007_calculated,0.6406,0.9178,6,p,
C6orf15|29113_calculated,0.6301,3.1048,6,p,
TTBK1|84630_calculated,0.6203,0.4619,6,p,
KAAG1|353219_calculated,0.6202,0.6841,6,p,
RN7SK|125050|46of128_calculated,0.6174,0.8073,6,p,
LRRC73|221424_calculated,0.5996,1.1817,6,p,
CLPS|1208_calculated,0.584,0.91,6,p,
GPR115|221393_calculated,0.5611,1.2579,6,p,
RSPH9|221421_calculated,0.5569,0.4022,6,p,
PSORS1C2|170680_calculated,0.5556,0.5909,6,p,
MAK|4117_calculated,0.5345,0.3512,6,p,
HCG4|54435_calculated,0.5152,0.6656,6,p,
HIST1H2BO|8348_calculated,0.5136,1.63,6,p,
GNMT|27232_calculated,0.4811,0.4764,6,p,
GUCA1B|2979_calculated,0.477,0.2579,6,p,
RN7SK|125050|20of128_calculated,0.4749,0.244,6,p,
TREML1|340205_calculated,0.4686,0.2257,6,p,
ELOVL2|54898_calculated,0.468,0.3924,6,p,
HIST1H3G|8355_calculated,0.4667,1.593,6,p,
RN7SK|125050|40of128_calculated,0.4614,0.2948,6,p,
SCARNA27|100124533_calculated,0.4378,0.4177,6,p,
C6orf52|347744_calculated,0.4363,0.7993,6,p,
ZSCAN23|222696_calculated,0.4306,0.11,6,p,
KCNK17|89822_calculated,0.4207,0.2954,6,p,
PACSIN1|29993_calculated,0.4153,0.3973,6,p,
HIST1H4I|8294_calculated,0.4112,0.9083,6,p,
LY6G6C|80740_calculated,0.4098,3.0154,6,p,
HIST1H1B|3009_calculated,0.4071,1.3578,6,p,
TINAG|27283_calculated,0.4065,0.7797,6,p,
TMEM151B|441151_calculated,0.4052,0.3116,6,p,
HIST1H3I|8354_calculated,0.4009,0.9728,6,p,
RN7SK|125050|6of128_calculated,0.388,0.2248,6,p,
HIST1H2BM|8342_calculated,0.3858,0.9427,6,p,
HLA-DPB2|3116|2of2_calculated,0.3844,0.3276,6,p,
RN7SK|125050|122of128_calculated,0.3822,0.2417,6,p,
GUSBP2|387036_calculated,0.374,0.2444,6,p,
TRIM40|135644_calculated,0.3727,1.355,6,p,
HIST1H4B|8366_calculated,0.3715,0.6446,6,p,
TRIM10|10107_calculated,0.3673,0.6975,6,p,
RN7SK|125050|10of128_calculated,0.3544,0.123,6,p,
CRISP2|7180_calculated,0.3451,0.2278,6,p,
RN7SK|125050|112of128_calculated,0.3441,0.4788,6,p,
RN7SK|125050|41of128_calculated,0.3409,0.145,6,p,
MIR877|100126314_calculated,0.3386,0.2988,6,p,
ZFP57|346171_calculated,0.3363,0.8108,6,p,
HIST1H2BE|8344_calculated,0.3362,0.7827,6,p,
TDRD6|221400_calculated,0.3331,0.2707,6,p,
HIST1H2AK|8330_calculated,0.3319,0.5557,6,p,
HIST1H4J|8363_calculated,0.3302,0.4072,6,p,
RN7SK|125050|11of128_calculated,0.3274,0.1862,6,p,
HIST1H2BL|8340_calculated,0.3255,0.8887,6,p,
RN7SK|125050|94of128_calculated,0.3101,0.2521,6,p,
HIST1H2AJ|8331_calculated,0.31,0.8601,6,p,
GLP1R|2740_calculated,0.3032,0.174,6,p,
CAPN11|11131_calculated,0.302,0.2286,6,p,
ATP6V0CP3|442211_calculated,0.2974,0.0824,6,p,
ZNF311|282890_calculated,0.2899,0.2166,6,p,
CYP21A1P|1590_calculated,0.2855,0.1032,6,p,
MIR133B|442890|1of2_calculated,0.2789,0.0614,6,p,
TOB2P1|222699_calculated,0.2739,0.3948,6,p,
HIST1H4K|8362_calculated,0.2738,0.3626,6,p,
RN7SK|125050|60of128_calculated,0.2735,0.2077,6,p,
TSPO2|222642_calculated,0.2722,0.531,6,p,
NRSN1|140767_calculated,0.272,0.0474,6,p,
BMP5|653_calculated,0.2667,0.4054,6,p,
HIST1H4F|8361_calculated,0.2613,0.2918,6,p,
SNORA38|677820_calculated,0.2565,0.1804,6,p,
CYP21A2|1589|1of2_calculated,0.2494,0.0814,6,p,
HIST1H2AL|8332_calculated,0.2481,0.7061,6,p,
HIST1H3B|8358_calculated,0.2479,0.8443,6,p,
IP6K3|117283_calculated,0.2471,0.1778,6,p,
HIST1H3C|8352_calculated,0.2457,0.7144,6,p,
C6orf25|80739_calculated,0.2409,0.1784,6,p,
ERVFRD-1|405754_calculated,0.2406,0.1242,6,p,
BTN1A1|696_calculated,0.2398,0.3528,6,p,
HCG23|414764_calculated,0.2395,0.0607,6,p,
HIST1H2BI|8346_calculated,0.2352,0.4092,6,p,
LINC00240|100133205_calculated,0.2346,0.2232,6,p,
ARMC12|221481_calculated,0.2262,0.0805,6,p,
RN7SK|125050|78of128_calculated,0.221,0.2309,6,p,
HIST1H2AH|85235_calculated,0.2197,0.5641,6,p,
STK19|8859|2of2_calculated,0.2182,0.2334,6,p,
HIST1H4D|8360_calculated,0.2043,0.4169,6,p,
CYP21A2|1589|2of2_calculated,0.203,0.0665,6,p,
HIST1H3F|8968_calculated,0.1947,0.5041,6,p,
MYLK4|340156_calculated,0.1917,0.2089,6,p,
HIST1H3A|8350_calculated,0.1902,0.2356,6,p,
IFITM4P|340198_calculated,0.1789,0.1196,6,p,
PTCHD4|442213_calculated,0.1762,0.0857,6,p,
HIST1H4L|8368_calculated,0.1761,0.3555,6,p,
LY6G6F|259215_calculated,0.1745,0.4917,6,p,
GLYATL3|389396_calculated,0.1646,0.0856,6,p,
RN7SK|125050|116of128_calculated,0.1579,0.0154,6,p,
HMGCLL1|54511_calculated,0.1561,0.0417,6,p,
HCG9|10255_calculated,0.1515,0.1082,6,p,
HIST1H3J|8356_calculated,0.1431,0.3693,6,p,
RN7SK|125050|105of128_calculated,0.1408,0.1134,6,p,
HCG4B|80868_calculated,0.1387,0.1108,6,p,
SLC26A8|116369_calculated,0.1366,0.0982,6,p,
HIST1H4A|8359_calculated,0.1341,0.3196,6,p,
KIF6|221458_calculated,0.131,0.1118,6,p,
KLHL31|401265_calculated,0.1306,0.1631,6,p,
RN7SK|125050|76of128_calculated,0.1232,0.0502,6,p,
RN7SK|125050|27of128_calculated,0.1228,0.1138,6,p,
PNPLA1|285848_calculated,0.1195,0.18,6,p,
MAS1L|116511_calculated,0.1165,0.0163,6,p,
PTCRA|171558_calculated,0.1144,0.1339,6,p,
CLPSL1|340204_calculated,0.1096,0.5055,6,p,
HUS1B|135458_calculated,0.1049,0.1171,6,p,
RN7SK|125050|80of128_calculated,0.1015,0.0122,6,p,
KIAA0319|9856_calculated,0.0964,0.1902,6,p,
RN7SK|125050|14of128_calculated,0.091,0.0543,6,p,
RN7SK|125050|8of128_calculated,0.0905,0.0347,6,p,
RN7SK|125050|38of128_calculated,0.0882,0.0417,6,p,
GSTA3|2940_calculated,0.0877,0.1357,6,p,
LHFPL5|222662_calculated,0.0856,0.0873,6,p,
OR2B6|26212_calculated,0.0837,0.1828,6,p,
GRM4|2914_calculated,0.0832,0.1265,6,p,
TREML3P|340206_calculated,0.0819,0.2105,6,p,
LINC00336|401253_calculated,0.0813,0.0888,6,p,
RN7SK|125050|121of128_calculated,0.0793,0.0099,6,p,
GUCA1A|2978_calculated,0.0793,0.1967,6,p,
GGNBP1|449520_calculated,0.0783,0.0493,6,p,
HIST1H2BB|3018_calculated,0.076,0.1231,6,p,
PRL|5617_calculated,0.076,0.1019,6,p,
HCG22|285834_calculated,0.0759,0.3286,6,p,
RHAG|6005_calculated,0.0681,0.0346,6,p,
HULC|728655_calculated,0.0627,0.4185,6,p,
RN7SK|125050|30of128_calculated,0.059,0.0247,6,p,
RN7SK|125050|99of128_calculated,0.0578,0.025,6,p,
CLPSL2|389383_calculated,0.0562,0.1702,6,p,
RN7SK|125050|37of128_calculated,0.0561,0.0217,6,p,
TULP1|7287_calculated,0.0524,0.0583,6,p,
RN7SK|125050|90of128_calculated,0.0514,0.0373,6,p,
IL17F|112744_calculated,0.048,0.1557,6,p,
RN7SK|125050|43of128_calculated,0.0477,0.0255,6,p,
RN7SK|125050|32of128_calculated,0.0476,0.0334,6,p,
C6orf195|154386_calculated,0.0475,0.0331,6,p,
RN7SK|125050|49of128_calculated,0.0471,0.0204,6,p,
RN7SK|125050|87of128_calculated,0.0467,0.0522,6,p,
RN7SK|125050|103of128_calculated,0.0464,0.0224,6,p,
PXT1|222659_calculated,0.0462,0.0521,6,p,
RN7SK|125050|95of128_calculated,0.0442,0.0166,6,p,
PIP5K1P1|206426_calculated,0.0442,0.0272,6,p,
RN7SK|125050|73of128_calculated,0.0436,0.0672,6,p,
IL17A|3605_calculated,0.0431,0.2699,6,p,
HIST1H1A|3024_calculated,0.043,0.0801,6,p,
TCP11|6954_calculated,0.0426,0.1857,6,p,
HIST1H2AB|8335_calculated,0.0425,0.1326,6,p,
SLC22A7|10864_calculated,0.0422,0.0362,6,p,
C6orf10|10665_calculated,0.0407,0.0171,6,p,
MCCD1|401250_calculated,0.0406,0.0429,6,p,
BTNL2|56244_calculated,0.039,0.0223,6,p,
LY86-AS1|285780_calculated,0.038,0.0138,6,p,
DNAH8|1769_calculated,0.0376,0.0451,6,p,
MOG|4340_calculated,0.0365,0.0253,6,p,
RN7SK|125050|81of128_calculated,0.0349,0.043,6,p,
RN7SK|125050|88of128_calculated,0.0342,0.0203,6,p,
RN7SK|125050|96of128_calculated,0.034,0.0081,6,p,
LY6G6E|79136_calculated,0.033,0.1197,6,p,
GCM2|9247_calculated,0.0303,0.0089,6,p,
GPR111|222611_calculated,0.0298,0.096,6,p,
RN7SK|125050|115of128_calculated,0.0296,0.0248,6,p,
RN7SK|125050|56of128_calculated,0.0274,0.0255,6,p,
RN7SK|125050|120of128_calculated,0.0271,0.0203,6,p,
SPATS1|221409_calculated,0.0261,0.0325,6,p,
TREML4|285852_calculated,0.0247,0.0268,6,p,
POM121L2|94026_calculated,0.0246,0.024,6,p,
NCR2|9436_calculated,0.0234,0.0607,6,p,
RN7SK|125050|118of128_calculated,0.0225,0.0199,6,p,
RN7SK|125050|85of128_calculated,0.0222,0.0242,6,p,
RN7SK|125050|124of128_calculated,0.0217,0.0351,6,p,
TFAP2D|83741_calculated,0.0215,0.0109,6,p,
RN7SK|125050|62of128_calculated,0.0189,0.008,6,p,
CAGE1|285782_calculated,0.0188,0.0372,6,p,
RN7SK|125050|39of128_calculated,0.0185,0.0178,6,p,
RN7SK|125050|91of128_calculated,0.0184,0.0086,6,p,
FAM217A|222826_calculated,0.0184,0.0135,6,p,
RN7SK|125050|44of128_calculated,0.0183,0.0161,6,p,
RN7SK|125050|17of128_calculated,0.0183,0.008,6,p,
OFCC1|266553_calculated,0.0182,0.0284,6,p,
SLC17A2|10246_calculated,0.0181,0.0094,6,p,
RN7SK|125050|75of128_calculated,0.0179,0.0131,6,p,
TDRG1|732253_calculated,0.0179,0.0545,6,p,
RN7SK|125050|15of128_calculated,0.0177,0.0068,6,p,
RN7SK|125050|114of128_calculated,0.0176,0.0122,6,p,
RN7SK|125050|102of128_calculated,0.0173,0.0075,6,p,
RN7SK|125050|72of128_calculated,0.0171,0.0075,6,p,
HIST1H1T|3010_calculated,0.017,0.0546,6,p,
RN7SK|125050|5of128_calculated,0.0158,0.0254,6,p,
RN7SK|125050|104of128_calculated,0.0152,0.0099,6,p,
RN7SK|125050|84of128_calculated,0.0145,0.0164,6,p,
SLC17A3|10786_calculated,0.0139,0.0234,6,p,
RN7SK|125050|3of128_calculated,0.0137,0.0094,6,p,
RN7SK|125050|97of128_calculated,0.0135,0.0119,6,p,
RN7SK|125050|98of128_calculated,0.0134,0.0058,6,p,
SLC17A1|6568_calculated,0.0134,0.0232,6,p,
RN7SK|125050|50of128_calculated,0.0129,0.0149,6,p,
RN7SK|125050|77of128_calculated,0.0127,0.0058,6,p,
SNORD32B|692092_calculated,0.0127,0.0134,6,p,
RN7SK|125050|34of128_calculated,0.0125,0.0136,6,p,
MUC22|100507679_calculated,0.0119,0.6637,6,p,
HIST1H4G|8369_calculated,0.0116,0.0092,6,p,
LINC00518|221718_calculated,0.0113,0.0266,6,p,
TREML5P|221438_calculated,0.0097,0.0197,6,p,
RN7SK|125050|63of128_calculated,0.0096,0.0015,6,p,
RN7SK|125050|26of128_calculated,0.0094,0.0096,6,p,
RN7SK|125050|74of128_calculated,0.0094,0.0086,6,p,
HCRTR2|3062_calculated,0.0093,0.0125,6,p,
RN7SK|125050|126of128_calculated,0.009,0.0229,6,p,
RN7SK|125050|9of128_calculated,0.009,0.0079,6,p,
RN7SK|125050|33of128_calculated,0.0086,0.0053,6,p,
RN7SK|125050|119of128_calculated,0.0083,0.0106,6,p,
RN7SK|125050|51of128_calculated,0.0078,0.0059,6,p,
RN7SK|125050|106of128_calculated,0.0073,0.011,6,p,
MIR548A1|693125_calculated,0.0073,0.0066,6,p,
RN7SK|125050|127of128_calculated,0.0068,0.0015,6,p,
RN7SK|125050|82of128_calculated,0.0065,0.0047,6,p,
RN7SK|125050|45of128_calculated,0.0064,0.0057,6,p,
VN1R10P|387316_calculated,0.0063,0.0068,6,p,
RN7SK|125050|52of128_calculated,0.0062,0.0067,6,p,
GPX5|2880_calculated,0.0057,0.0087,6,p,
TFAP2B|7021_calculated,0.0057,0.0632,6,p,
RN7SK|125050|13of128_calculated,0.0056,0.0077,6,p,
OR12D3|81797_calculated,0.0056,0.0073,6,p,
RN7SK|125050|64of128_calculated,0.0056,0.0031,6,p,
RN7SK|125050|128of128_calculated,0.0055,0.0065,6,p,
RN7SK|125050|117of128_calculated,0.0052,0.0047,6,p,
RN7SK|125050|108of128_calculated,0.0051,0.0099,6,p,
RN7SK|125050|86of128_calculated,0.005,0.0107,6,p,
RN7SK|125050|92of128_calculated,0.0049,0.004,6,p,
MIR133B|442890|2of2_calculated,0.0049,0.0017,6,p,
RN7SK|125050|25of128_calculated,0.0047,0.0027,6,p,
RN7SK|125050|7of128_calculated,0.0044,0.002,6,p,
RN7SK|125050|110of128_calculated,0.0043,0.0088,6,p,
HIST1H2BA|255626_calculated,0.0043,0.0035,6,p,
ZNF322|79692|1of2_calculated,0.004,0.0034,6,p,
RN7SK|125050|70of128_calculated,0.0039,0.0141,6,p,
RN7SK|125050|68of128_calculated,0.0038,0.0052,6,p,
RN7SK|125050|109of128_calculated,0.0033,0.0039,6,p,
RN7SK|125050|79of128_calculated,0.0031,0.0027,6,p,
MIR206|406989_calculated,0.003,0.0044,6,p,
OR2H1|26716_calculated,0.0029,0.0044,6,p,
OPN5|221391_calculated,0.0028,0.0039,6,p,
RN7SK|125050|53of128_calculated,0.0028,0.003,6,p,
RN7SK|125050|28of128_calculated,0.0027,0.0051,6,p,
RN7SK|125050|125of128_calculated,0.0026,0.0063,6,p,
RN7SK|125050|57of128_calculated,0.0025,0.0042,6,p,
GFRAL|389400_calculated,0.0024,0.0034,6,p,
GSTA5|221357_calculated,0.0024,0.0078,6,p,
DEFB114|245928_calculated,0.0023,0.0001,6,p,
GSTA7P|730152_calculated,0.0022,0.0037,6,p,
OR14J1|442191_calculated,0.0022,0.0018,6,p,
RN7SK|125050|23of128_calculated,0.0021,0.0016,6,p,
GPX6|257202_calculated,0.002,0.0039,6,p,
HDGFL1|154150_calculated,0.002,0.0053,6,p,
PGK2|5232_calculated,0.002,0.0044,6,p,
RN7SK|125050|67of128_calculated,0.002,0,6,p,
DEFB133|403339_calculated,0.0018,0.0041,6,p,
RN7SK|125050|47of128_calculated,0.0017,0.0007,6,p,
RN7SK|125050|21of128_calculated,0.0017,0.0011,6,p,
RN7SK|125050|111of128_calculated,0.0017,0.0014,6,p,
RN7SK|125050|113of128_calculated,0.0017,0.0046,6,p,
OR5V1|81696_calculated,0.0016,0.0038,6,p,
RN7SK|125050|66of128_calculated,0.0016,0.0024,6,p,
HIST1H2APS1|387319_calculated,0.0015,0.0017,6,p,
DEFB112|245915_calculated,0.0014,0.001,6,p,
RN7SK|125050|4of128_calculated,0.0013,0.0057,6,p,
RN7SK|125050|100of128_calculated,0.0012,0.0037,6,p,
DEFB113|245927_calculated,0.0012,0.0001,6,p,
RN7SK|125050|55of128_calculated,0.0012,0.0017,6,p,
RN7SK|125050|69of128_calculated,0.0011,0.0016,6,p,
RN7SK|125050|58of128_calculated,0.0011,0.001,6,p,
RN7SK|125050|36of128_calculated,0.001,0.0035,6,p,
RN7SK|125050|71of128_calculated,0.0009,0.003,6,p,
RN7SK|125050|54of128_calculated,0.0009,0.0021,6,p,
RN7SK|125050|16of128_calculated,0.0006,0.0009,6,p,
RN7SK|125050|123of128_calculated,0.0005,0.0006,6,p,
RN7SK|125050|107of128_calculated,0.0005,0.0001,6,p,
DEFB110|245913_calculated,0.0005,0.0016,6,p,
RN7SK|125050|31of128_calculated,0.0004,0.0008,6,p,
RN7SK|125050|29of128_calculated,0.0004,0.001,6,p,
HIST1H2AA|221613_calculated,0.0004,0.0013,6,p,
RN7SK|125050|89of128_calculated,0.0003,0.0046,6,p,
MIR586|693171_calculated,0.0003,0.0031,6,p,
OR2W1|26692_calculated,0.0002,0.0012,6,p,
RN7SK|125050|22of128_calculated,0.0001,0.0036,6,p,
RN7SK|125050|48of128_calculated,0,0.0006,6,p,
RN7SK|125050|42of128_calculated,0,0.0006,6,p,
RN7SK|125050|35of128_calculated,0,0.0014,6,p,
RN7SK|125050|24of128_calculated,0,0.0012,6,p,
RN7SK|125050|18of128_calculated,0,0.0015,6,p,
RN7SK|125050|12of128_calculated,0,0.0003,6,p,
RN7SK|125050|1of128_calculated,0,0,6,p,
RN7SK|125050|2of128_calculated,0,0.0001,6,p,
RN7SK|125050|101of128_calculated,0,0.0004,6,p,
RN7SK|125050|93of128_calculated,0,0.0003,6,p,
RN7SK|125050|83of128_calculated,0,0.0013,6,p,
HLA-DPB2|3116|1of2_calculated,0,0,6,p,
RN7SK|125050|59of128_calculated,0,0.001,6,p,
RN7SK|125050|61of128_calculated,0,0.001,6,p,
RN7SK|125050|65of128_calculated,0,0.0003,6,p,
TRMT11|60487_calculated,5.4699,6.4452,6,q,11.1-
COL12A1|1303_calculated,31.7825,23.2989,6,q,12-
SMAP1|60682_calculated,12.8017,13.7444,6,q,12-
COL19A1|1310_calculated,0.6949,0.0655,6,q,12-
RIMS1|22999_calculated,0.5227,0.1026,6,q,12-
RWDD1|51389_calculated,34.4088,27.492,6,q,13-
HDDC2|51020_calculated,16.0389,19.8514,6,q,13-
SENP6|26054_calculated,11.2372,8.4888,6,q,13-
DLL1|28514_calculated,3.337,2.3414,6,q,13-
SYNCRIP|10492_calculated,18.4707,21.5937,6,q,14-
NT5E|4907_calculated,16.0969,14.377,6,q,14-
TPBG|7162_calculated,8.2151,8.2659,6,q,14-
CNR1|1268_calculated,2.6465,0.4236,6,q,14-
IRAK1BP1|134728_calculated,2.5713,1.9728,6,q,14-
CGA|1081_calculated,0.9407,2.0117,6,q,14-
HTR1E|3354_calculated,0.1004,0.0614,6,q,14-
PGM3|5238_calculated,6.8512,9.0236,6,q,14.1-
TBX18|9096_calculated,0.553,0.3221,6,q,14.1-
ANKRD6|22881_calculated,2.0591,1.1998,6,q,14.2-
IMPG1|3617_calculated,0.0974,0.0841,6,q,14.2-
RRAGD|58528_calculated,2.9552,2.6882,6,q,15-
C6orf164|63914_calculated,0.2569,0.1421,6,q,15-
GJA10|84694_calculated,0.009,0.0247,6,q,15-
FBXL4|26235_calculated,4.7633,4.3175,6,q,16.1-
FHL5|9457_calculated,2.4622,0.8688,6,q,16.1-
GPR63|81491_calculated,0.8222,0.545,6,q,16.1-
COL10A1|1300_calculated,12.8798,13.443,6,q,21-
ROS1|6098_calculated,3.7107,3.2601,6,q,21-
PEX7|5191_calculated,3.5785,5.8138,6,q,21-
FRK|2444_calculated,2.8409,4.715,6,q,21-
PKIB|5570_calculated,1.5456,3.0748,6,q,21-
SLC16A10|117247_calculated,0.8695,1.2677,6,q,21-
BCLAF1|9774_calculated,22.4496,21.7372,6,q,22-
LAMA2|3908_calculated,7.3218,2.0421,6,q,22-
MYB|4602_calculated,3.2083,7.0826,6,q,22-
TPD52L1|7164_calculated,2.9524,4.1608,6,q,22-
ENPP1|5167_calculated,2.1345,1.4466,6,q,22-
FABP7|2173_calculated,0.0223,0.0465,6,q,22-
RNF146|81847_calculated,9.0837,6.1641,6,q,22.1-
TBPL1|9519_calculated,6.5177,7.9211,6,q,22.1-
PTPRK|5796_calculated,19.3012,19.4567,6,q,22.2-
PCMT1|5110_calculated,23.7391,27.3933,6,q,22.3-
SLC18B1|116843_calculated,6.8697,9.0959,6,q,22.3-
MED23|9439_calculated,6.4398,6.2048,6,q,22.33-
IFNGR1|3459_calculated,37.4165,45.989,6,q,23-
TNFAIP3|7128_calculated,21.3242,18.7092,6,q,23-
HECA|51696_calculated,11.8679,8.5358,6,q,23-
HIVEP2|3097_calculated,7.954,5.1521,6,q,23-
VNN1|8876_calculated,7.4278,12.2042,6,q,23-
PDE7B|27115_calculated,3.6067,0.7007,6,q,23-
VNN2|8875_calculated,2.9327,3.4822,6,q,23-
TAAR3|9288_calculated,0.2414,0.4296,6,q,23-
CCDC28A|25901_calculated,9.9483,10.6543,6,q,23.1-
GPR126|57211_calculated,6.9816,8.6822,6,q,23.1-
AKAP12|9590_calculated,23.9707,5.3662,6,q,24-
VIP|7432_calculated,16.8417,0.9588,6,q,24-
PLAGL1|5325_calculated,3.235,2.182,6,q,24-
ESR1|2099_calculated,0.5735,0.213,6,q,24-
OPRM1|4988_calculated,0.0245,0.0138,6,q,24-
MAS1|4142_calculated,0.0067,0.0085,6,q,24-
ALDH8A1|64577_calculated,0.205,0.0937,6,q,24.1-
IL22RA2|116379_calculated,0.1461,0.1726,6,q,24.1-
SYNE1|23345_calculated,4.4919,1.0841,6,q,24.2-
PPP1R14C|81706_calculated,1.1276,2.2922,6,q,24.3-
TCP1|6950_calculated,37.7701,55.8022,6,q,25-
IGF2R|3482_calculated,20.7677,19.5814,6,q,25-
WTAP|9589_calculated,10.4263,10.7259,6,q,25-
TULP4|56995_calculated,5.4645,4.5787,6,q,25-
FBXO5|26271_calculated,3.6255,5.9295,6,q,25-
MTRF1L|54516_calculated,2.7767,2.8336,6,q,25-
RGS17|26575_calculated,0.4902,0.3579,6,q,25-
LPA|4018_calculated,0.0142,0.0091,6,q,25-
SNX9|51429_calculated,28.4675,24.2597,6,q,25.1-
SCAF8|22828_calculated,12.2844,10.3596,6,q,25.1-
TFB1M|51106_calculated,2.3619,2.9351,6,q,25.1-
DYNLT1|6993_calculated,71.1497,86.4007,6,q,25.2-
PARK2|5071_calculated,1.7926,0.4007,6,q,25.2-
LPAL2|80350_calculated,0.1053,0.0658,6,q,26-
RPS12|6206_calculated,909.572,1012.5373,6,q,
CD24|100133941_calculated,565.1888,809.1614,6,q,
CTGF|1490_calculated,160.6605,85.4659,6,q,
CD164|8763_calculated,131.0975,153.3312,6,q,
COX7A2|1347_calculated,127.1708,187.0331,6,q,
EEF1A1|1915_calculated,125.8873,134.4248,6,q,
SNX3|8724_calculated,103.5864,91.955,6,q,
SMOC2|64094_calculated,101.42,16.987,6,q,
EZR|7430_calculated,98.6926,181.6081,6,q,
SNORA33|594839_calculated,93.6755,110.1055,6,q,
PLN|5350_calculated,87.9106,6.8433,6,q,
PNRC1|10957_calculated,80.4537,48.6027,6,q,
SERINC1|57515_calculated,71.1116,45.0097,6,q,
SNHG5|387066_calculated,69.288,79.7157,6,q,
SF3B5|83443_calculated,68.8372,101.1644,6,q,
SOD2|6648_calculated,64.0646,60.2646,6,q,
MARCKS|4082_calculated,48.8063,45.5523,6,q,
HEBP2|23593_calculated,48.3705,66.3207,6,q,
THBS2|7058_calculated,45.1211,28.8427,6,q,
CITED2|10370_calculated,42.9804,23.7074,6,q,
PTP4A1|7803_calculated,41.0347,47.9361,6,q,
PERP|64065_calculated,40.415,85.7017,6,q,
TMEM30A|55754_calculated,35.8882,31.5333,6,q,
GJA1|2697_calculated,34.6001,14.7267,6,q,
MRPL18|29074_calculated,31.8458,44.818,6,q,
GTF3C6|112495_calculated,31.069,40.307,6,q,
LAMA4|3910_calculated,30.7826,11.2515,6,q,
UBE2J1|51465_calculated,26.9941,29.0835,6,q,
SFT2D1|113402_calculated,26.9513,43.3205,6,q,
HMGN3|9324_calculated,25.7188,26.8379,6,q,
MAN1A1|4121_calculated,23.9498,17.9621,6,q,
ABRACL|58527_calculated,23.9216,41.1322,6,q,
PSMB1|5689_calculated,23.5802,30.8031,6,q,
AKIRIN2|55122_calculated,23.5453,24.4498,6,q,
AMD1|262_calculated,23.3818,30.269,6,q,
TSPYL1|7259_calculated,21.3756,16.0679,6,q,
LMBRD1|55788_calculated,21.2872,20.4598,6,q,
PNISR|25957|2of2_calculated,21.0835,13.2472,6,q,
SH3BGRL2|83699_calculated,20.0375,26.771,6,q,
FNDC1|84624_calculated,19.7336,9.4912,6,q,
ECHDC1|55862_calculated,19.5159,19.1996,6,q,
RPF2|84154_calculated,18.8248,25.6995,6,q,
PNISR|25957|1of2_calculated,18.2162,11.0076,6,q,
STX7|8417_calculated,17.3783,15.3357,6,q,
TAB2|23118_calculated,17.1853,12.0277,6,q,
RAB32|10981_calculated,17.1513,14.5169,6,q,
EPB41L2|2037_calculated,16.374,10.5733,6,q,
RSPO3|84870_calculated,16.3592,3.3828,6,q,
SEC63|11231_calculated,15.6873,13.6495,6,q,
PHF10|55274_calculated,15.5911,10.8987,6,q,
FUCA2|2519_calculated,15.3557,22.6066,6,q,
FYN|2534_calculated,14.7947,9.3413,6,q,
FAM46A|55603_calculated,14.7546,13.2847,6,q,
RNASET2|8635_calculated,14.732,23.0128,6,q,
PREP|5550_calculated,14.5957,23.4129,6,q,
LRP11|84918_calculated,14.0416,18.0065,6,q,
VTA1|51534_calculated,14.0085,20.1273,6,q,
UFL1|23376_calculated,13.9791,13.6112,6,q,
FOXO3|2309_calculated,13.5799,10.875,6,q,
OSTM1|28962_calculated,13.0084,7.063,6,q,
SGK1|6446_calculated,12.3952,16.9649,6,q,
UTRN|7402_calculated,12.3544,6.3708,6,q,
RARS2|57038_calculated,12.0745,12.8875,6,q,
SESN1|27244_calculated,11.9439,9.4957,6,q,
C6orf120|387263_calculated,11.7061,10.4327,6,q,
PHF3|23469_calculated,11.3405,9.9156,6,q,
HDAC2|3066_calculated,11.1333,15.1464,6,q,
ARID1B|57492_calculated,11.0479,8.3292,6,q,
ATG5|9474_calculated,11.0055,12.8267,6,q,
TRAF3IP2|10758_calculated,10.9802,13.9957,6,q,
RPS6KA2|6196_calculated,10.9095,6.2172,6,q,
TMEM181|57583_calculated,10.9075,12.0372,6,q,
HINT3|135114_calculated,10.7484,10.3645,6,q,
CENPW|387103_calculated,10.706,21.0108,6,q,
MOXD1|26002_calculated,10.7,4.4345,6,q,
CCNC|892_calculated,10.5347,14.8487,6,q,
MICAL1|64780_calculated,10.492,11.2141,6,q,
MYO6|4646_calculated,10.1515,14.072,6,q,
ACAT2|39_calculated,10.1029,19.3518,6,q,
MLLT4|4301_calculated,9.9405,11.5358,6,q,
FBXO30|84085_calculated,9.8998,4.3032,6,q,
TSPYL4|23270_calculated,9.8677,5.9032,6,q,
REPS1|85021_calculated,9.8243,11.569,6,q,
FAM120B|84498_calculated,9.4829,8.0631,6,q,
IBTK|25998_calculated,9.4811,10.9401,6,q,
AIM1|202_calculated,9.4545,16.0054,6,q,
ARHGAP18|93663_calculated,9.4376,12.0933,6,q,
PHIP|55023_calculated,9.3903,7.7064,6,q,
NCOA7|135112_calculated,9.3146,14.4247,6,q,
SNX14|57231_calculated,9.1979,10.082,6,q,
PRDM1|639_calculated,8.9021,12.0119,6,q,
PHACTR2|9749_calculated,8.8178,6.4061,6,q,
PM20D2|135293_calculated,8.6019,9.3192,6,q,
SLC17A5|26503_calculated,8.4669,11.7577,6,q,
NUP43|348995_calculated,8.3409,9.8778,6,q,
FILIP1|27145_calculated,8.1543,0.9356,6,q,
OGFRL1|79627_calculated,8.1287,5.9475,6,q,
PDCD2|5134_calculated,8.0779,10.3117,6,q,
SMPDL3A|10924_calculated,8.009,13.6705,6,q,
C6orf211|79624_calculated,7.9897,10.25,6,q,
ZBTB2|57621_calculated,7.9405,7.5052,6,q,
MAP3K7|6885_calculated,7.9019,7.499,6,q,
NT5DC1|221294_calculated,7.7547,8.6032,6,q,
QKI|9444_calculated,7.7342,3.5575,6,q,
ASF1A|25842_calculated,7.7337,7.6967,6,q,
EPHA7|2045_calculated,7.6709,0.645,6,q,
AIG1|51390_calculated,7.6652,8.2008,6,q,
NDUFAF4|29078_calculated,7.6571,8.4673,6,q,
BVES|11149_calculated,7.2559,0.9336,6,q,
ORC3|23595_calculated,7.1925,7.1826,6,q,
CYB5R4|51167_calculated,7.1877,8.5492,6,q,
SASH1|23328_calculated,7.0525,4.369,6,q,
C6orf58|352999_calculated,7.0365,16.2856,6,q,
C6orf57|135154_calculated,6.9899,7.4756,6,q,
SLC35A1|10559_calculated,6.9652,8.178,6,q,
LATS1|9113_calculated,6.9551,5.1647,6,q,
CDC40|51362_calculated,6.9424,6.3866,6,q,
BCKDHB|594_calculated,6.9228,6.0321,6,q,
ME1|4199_calculated,6.9034,8.7908,6,q,
NUS1|116150_calculated,6.7383,7.7481,6,q,
TBP|6908_calculated,6.6956,7.0649,6,q,
METTL24|728464_calculated,6.5556,0.7839,6,q,
C6orf203|51250_calculated,6.5331,6.937,6,q,
KATNA1|11104_calculated,6.4529,6.4279,6,q,
NHSL1|57224_calculated,6.4031,7.9027,6,q,
MB21D1|115004_calculated,6.2419,8.0928,6,q,
PLEKHG1|57480_calculated,6.1133,4.1238,6,q,
MAP3K5|4217_calculated,6.0474,6.1302,6,q,
PPIL4|85313_calculated,6.0221,6.2451,6,q,
WASF1|8936_calculated,6.0111,2.6829,6,q,
REV3L|5980_calculated,5.9723,3.1858,6,q,
CDK19|23097_calculated,5.9263,5.575,6,q,
MANEA|79694_calculated,5.8728,6.5734,6,q,
MTO1|25821_calculated,5.7731,6.2434,6,q,
LTV1|84946_calculated,5.7576,7.2288,6,q,
SMPD2|6610_calculated,5.7458,9.7206,6,q,
FIG4|9896_calculated,5.7324,5.2658,6,q,
ZNF292|23036_calculated,5.6753,4.5162,6,q,
RMND1|55005_calculated,5.474,6.6971,6,q,
TUBE1|51175_calculated,5.4182,4.3161,6,q,
SOBP|55084_calculated,5.3604,1.4167,6,q,
SYNJ2|8871_calculated,5.2956,5.2292,6,q,
ASCC3|10973_calculated,5.1726,6.402,6,q,
DCBLD1|285761_calculated,5.0668,7.1099,6,q,
TAGAP|117289_calculated,5.0528,3.4522,6,q,
SAMD5|389432_calculated,5.0449,6.7283,6,q,
KIAA1244|57221_calculated,5.0394,6.6026,6,q,
PEX3|8504_calculated,5.0267,5.5272,6,q,
FAM26F|441168_calculated,4.979,6.6072,6,q,
MAP3K4|4216_calculated,4.792,4.4404,6,q,
DSE|29940_calculated,4.7806,3.351,6,q,
EPM2A|7957_calculated,4.7207,1.2316,6,q,
COQ3|51805_calculated,4.6813,6.1179,6,q,
MAP7|9053_calculated,4.6441,9.0755,6,q,
TCF21|6943_calculated,4.6369,1.9201,6,q,
MYCT1|80177_calculated,4.6137,2.2439,6,q,
HSF2|3298_calculated,4.596,3.4638,6,q,
QRSL1|55278_calculated,4.5886,14.1299,6,q,
RNGTT|8732_calculated,4.5708,4.3526,6,q,
UST|10090_calculated,4.5085,2.3048,6,q,
FGFR1OP|11116_calculated,4.4463,7.0983,6,q,
CD109|135228_calculated,4.4184,2.3363,6,q,
ZBTB24|9841_calculated,4.2616,3.6936,6,q,
RSPH3|83861_calculated,4.2234,4.4165,6,q,
CASP8AP2|9994_calculated,4.1285,3.4825,6,q,
DOPEY1|23033_calculated,4.0543,3.5106,6,q,
SLC22A3|6581_calculated,3.9568,2.1456,6,q,
FAM135A|57579_calculated,3.9423,5.311,6,q,
HBS1L|10767_calculated,3.9237,4.3317,6,q,
PDSS2|57107_calculated,3.906,4.613,6,q,
LYRM2|57226_calculated,3.839,3.5173,6,q,
STXBP5|134957_calculated,3.6341,3.3642,6,q,
RWDD2A|112611_calculated,3.5994,3.3518,6,q,
AHI1|54806_calculated,3.5773,2.7374,6,q,
MTHFD1L|25902_calculated,3.5758,5.7958,6,q,
GTF2H5|404672_calculated,3.5673,2.7708,6,q,
MDN1|23195_calculated,3.4774,3.2935,6,q,
ZC2HC1B|153918_calculated,3.4568,4.647,6,q,
TMEM242|729515_calculated,3.3482,2.8337,6,q,
SLC2A12|154091_calculated,3.2533,3.3411,6,q,
TMEM200A|114801_calculated,3.2164,2.7915,6,q,
BEND3|57673_calculated,3.1509,2.7313,6,q,
TTK|7272_calculated,3.0602,7.2772,6,q,
RNF217|154214_calculated,3.0168,1.2391,6,q,
L3MBTL3|84456_calculated,3.0092,2.0176,6,q,
CNKSR3|154043_calculated,2.9459,2.4274,6,q,
ZUFSP|221302_calculated,2.8727,3.5243,6,q,
ZDHHC14|79683_calculated,2.751,2.5336,6,q,
KIAA1919|91749_calculated,2.7047,2.2329,6,q,
KPNA5|3841_calculated,2.6051,1.3927,6,q,
FAM26E|254228_calculated,2.6033,1.5849,6,q,
IYD|389434_calculated,2.5974,3.3337,6,q,
ZC3H12D|340152_calculated,2.5905,1.7866,6,q,
B3GAT2|135152_calculated,2.5094,2.2046,6,q,
AKAP7|9465_calculated,2.4723,2.4316,6,q,
CCR6|1235_calculated,2.4671,2.7208,6,q,
TIAM2|26230_calculated,2.3918,2.3862,6,q,
SERAC1|84947_calculated,2.3796,2.4635,6,q,
RTN4IP1|84816_calculated,2.3479,3.9879,6,q,
KIAA0408|9729_calculated,2.3391,0.349,6,q,
MCM9|254394_calculated,2.2454,2.3116,6,q,
FAM162B|221303_calculated,2.1777,1.0596,6,q,
HACE1|57531_calculated,2.1382,1.6962,6,q,
IL20RA|53832_calculated,2.1207,4.3781,6,q,
SOGA3|387104_calculated,2.0728,0.3735,6,q,
USP45|85015_calculated,2.06,1.6712,6,q,
HEY2|23493_calculated,1.9202,1.3764,6,q,
CEP57L1|285753_calculated,1.9161,2.0236,6,q,
SYTL3|94120_calculated,1.8778,1.6378,6,q,
STX11|8676_calculated,1.8492,1.5566,6,q,
FAXC|84553_calculated,1.8017,0.2993,6,q,
LCA5|167691_calculated,1.7457,1.0509,6,q,
MRAP2|112609_calculated,1.6552,2.963,6,q,
SHPRH|257218_calculated,1.5032,1.1664,6,q,
CEP85L|387119_calculated,1.465,0.7178,6,q,
AGPAT4|56895_calculated,1.4319,0.7855,6,q,
PDE10A|10846_calculated,1.3824,0.7029,6,q,
SNORD50B|692088_calculated,1.3555,1.7391,6,q,
BACH2|60468_calculated,1.3395,0.4074,6,q,
ELOVL4|6785_calculated,1.2742,0.5926,6,q,
DDO|8528_calculated,1.203,0.8239,6,q,
RFX6|222546_calculated,1.1921,0.5317,6,q,
COL9A1|1297_calculated,1.1842,1.249,6,q,
FAM184A|79632_calculated,1.1835,0.4436,6,q,
DACT2|168002_calculated,1.1793,1.9892,6,q,
THEMIS|387357_calculated,1.1724,0.8496,6,q,
CCDC170|80129_calculated,1.1684,0.9812,6,q,
TXLNB|167838_calculated,1.1357,0.3201,6,q,
LINC00473|90632_calculated,1.1141,0.1902,6,q,
ADAT2|134637_calculated,1.0765,1.3175,6,q,
LACE1|246269_calculated,1.0516,1.2428,6,q,
WISP3|8838_calculated,1.0294,1.3681,6,q,
ARMC2|84071_calculated,1.0195,0.8197,6,q,
ULBP3|79465_calculated,1.0053,1.9569,6,q,
MMS22L|253714_calculated,0.9973,1.4925,6,q,
TRAF3IP2-AS1|643749_calculated,0.9808,0.4416,6,q,
SAMD3|154075_calculated,0.9757,0.5854,6,q,
PPIL6|285755_calculated,0.9751,1.1099,6,q,
HTR1B|3351_calculated,0.9508,1.0768,6,q,
SLC35F1|222553_calculated,0.9427,0.3071,6,q,
WDR27|253769_calculated,0.8681,0.728,6,q,
DDX43|55510_calculated,0.8414,0.6998,6,q,
SCML4|256380_calculated,0.8196,0.5806,6,q,
UNC93A|54346_calculated,0.8192,1.7722,6,q,
LINC00602|441177_calculated,0.7551,0.1379,6,q,
PACRG|135138_calculated,0.7382,0.3266,6,q,
KHDC1|80759_calculated,0.6921,0.517,6,q,
SNORD50A|26799_calculated,0.6898,0.9484,6,q,
SNORA20|677806_calculated,0.6723,1.0426,6,q,
BAI3|577_calculated,0.6425,0.0644,6,q,
KHDC1L|100129128_calculated,0.6239,0.2573,6,q,
LINC00472|79940_calculated,0.6031,0.2123,6,q,
TAAR1|134864_calculated,0.5981,0.3728,6,q,
UBE3D|90025_calculated,0.5981,0.6867,6,q,
RAET1G|353091_calculated,0.5776,0.8876,6,q,
FRMD1|79981_calculated,0.5738,0.5077,6,q,
GSTM2P1|442245_calculated,0.5705,0.6635,6,q,
TCTE3|6991_calculated,0.5627,0.5771,6,q,
FUT9|10690_calculated,0.5569,1.0308,6,q,
C6orf165|154313_calculated,0.5531,0.6311,6,q,
SNAP91|9892_calculated,0.5502,0.0621,6,q,
LINC00242|401288_calculated,0.5293,0.4695,6,q,
ULBP2|80328_calculated,0.5278,2.0118,6,q,
C6orf123|26238_calculated,0.5219,0.5919,6,q,
SRSF12|135295_calculated,0.5192,0.2496,6,q,
PRSS35|167681_calculated,0.5103,0.2201,6,q,
SLC35D3|340146_calculated,0.4781,1.128,6,q,
BVES-AS1|154442_calculated,0.4582,0.0735,6,q,
EYA4|2070_calculated,0.4433,0.3009,6,q,
ENPP3|5169_calculated,0.44,0.7989,6,q,
KCNQ5|56479_calculated,0.4325,0.11,6,q,
CAHM|100526820_calculated,0.4322,0.1893,6,q,
POPDC3|64208_calculated,0.4075,0.4966,6,q,
KLHL32|114792_calculated,0.4067,0.2099,6,q,
MLLT4-AS1|653483_calculated,0.4067,0.568,6,q,
LINC00574|80069_calculated,0.4039,0.3622,6,q,
OOEP|441161_calculated,0.3855,0.4273,6,q,
C6orf163|206412_calculated,0.3757,0.1983,6,q,
SNORA29|677812_calculated,0.3691,0.3549,6,q,
CCDC162P|221262|1of2_calculated,0.3614,0.4,6,q,
AGPAT4-IT1|79992_calculated,0.359,0.1561,6,q,
CCDC162P|221262|2of2_calculated,0.3469,0.2884,6,q,
RIPPLY2|134701_calculated,0.3083,0.0987,6,q,
RAET1L|154064_calculated,0.2917,1.7434,6,q,
HS3ST5|222537_calculated,0.2914,0.2602,6,q,
CLDN20|49861_calculated,0.2904,0.1797,6,q,
SUMO4|387082_calculated,0.2578,0.1445,6,q,
GRIK2|2898_calculated,0.2559,0.0596,6,q,
NKAIN2|154215_calculated,0.2517,0.2116,6,q,
CLVS2|134829_calculated,0.2362,0.0385,6,q,
RAET1E|135250_calculated,0.2036,0.6202,6,q,
KHDRBS2|202559_calculated,0.2013,0.0422,6,q,
RSPH4A|345895_calculated,0.2013,0.1712,6,q,
C6orf99|100130967_calculated,0.1922,0.4914,6,q,
VNN3|55350_calculated,0.1825,0.5757,6,q,
GABRR2|2570_calculated,0.1805,0.1191,6,q,
TTLL2|83887_calculated,0.1717,0.1754,6,q,
LGSN|51557_calculated,0.1709,0.3889,6,q,
ECT2L|345930_calculated,0.1685,0.1013,6,q,
GABRR1|2569_calculated,0.1349,0.1793,6,q,
SLC22A1|6580_calculated,0.1335,0.2506,6,q,
MIR30C2|407032_calculated,0.1268,0.0528,6,q,
BRD7P3|23629_calculated,0.1247,0.0509,6,q,
GJB7|375519_calculated,0.1234,0.2733,6,q,
TCTE1|202500_calculated,0.1181,0.0528,6,q,
EYS|346007_calculated,0.1178,0.0858,6,q,
ULBP1|80329_calculated,0.1136,0.3695,6,q,
LINC00271|100131814_calculated,0.1135,0.1025,6,q,
ARG1|383_calculated,0.1126,0.1629,6,q,
NMBR|4829_calculated,0.1115,0.0207,6,q,
SLC22A2|6582_calculated,0.1017,0.0342,6,q,
RAET1K|646024_calculated,0.0996,0.1954,6,q,
GPR31|2853_calculated,0.0787,0.0773,6,q,
RFPL4B|442247_calculated,0.0766,0.1002,6,q,
MIR548A2|693126_calculated,0.0763,0.0036,6,q,
TMEM244|253582_calculated,0.0758,0.0573,6,q,
PBOV1|59351_calculated,0.0736,0.0416,6,q,
PNLDC1|154197_calculated,0.0723,0.366,6,q,
CTAGE9|643854_calculated,0.0707,0.1043,6,q,
PRR18|285800_calculated,0.0657,0.2289,6,q,
KIF25|3834_calculated,0.0514,0.0689,6,q,
SLC22A16|85413_calculated,0.0484,0.0539,6,q,
POU3F2|5454_calculated,0.0481,0.1366,6,q,
TCP10L2|401285_calculated,0.0475,0.063,6,q,
KIF25-AS1|100505879_calculated,0.0449,0.1544,6,q,
TPI1P3|728402_calculated,0.0443,0.0566,6,q,
LIN28B|389421_calculated,0.039,0.1867,6,q,
LINC00222|387111_calculated,0.0356,0.0216,6,q,
TCP10|6953_calculated,0.0318,0.0343,6,q,
OSTCP1|202459_calculated,0.0249,0.0208,6,q,
NR2E1|7101_calculated,0.022,0.0552,6,q,
DPPA5|340168_calculated,0.0207,0.1161,6,q,
GRM1|2911_calculated,0.0207,0.0158,6,q,
C6orf118|168090_calculated,0.0197,0.0238,6,q,
TRDN|10345_calculated,0.0187,0.0105,6,q,
OR2A4|79541_calculated,0.0139,0.0067,6,q,
T|6862_calculated,0.0138,0.0341,6,q,
OLIG3|167826_calculated,0.013,0.015,6,q,
GPRC6A|222545_calculated,0.0127,0.0278,6,q,
TAAR5|9038_calculated,0.0121,0.0155,6,q,
SLC25A51P1|442229_calculated,0.0113,0.0137,6,q,
TAAR6|319100_calculated,0.0107,0.0044,6,q,
MCHR2|84539_calculated,0.0103,0.0112,6,q,
MIR548B|693128_calculated,0.0101,0.0129,6,q,
PLG|5340_calculated,0.0098,0.0064,6,q,
HMGA1P7|387065_calculated,0.0089,0.0089,6,q,
NOX3|50508_calculated,0.0083,0.0612,6,q,
FAM26D|221301_calculated,0.0075,0.0088,6,q,
ADGB|79747_calculated,0.0064,0.0095,6,q,
PRDM13|59336_calculated,0.0063,0.0541,6,q,
C6orf7|89758_calculated,0.005,0.0088,6,q,
TAAR8|83551_calculated,0.004,0.0039,6,q,
SPACA1|81833_calculated,0.0038,0.0019,6,q,
VGLL2|245806_calculated,0.0035,0.0176,6,q,
LINC00326|285735_calculated,0.0023,0.0608,6,q,
SIM1|6492_calculated,0.0019,0.0029,6,q,
GPR6|2830_calculated,0.0017,0.0031,6,q,
TAAR2|9287_calculated,0.0013,0.0029,6,q,
TAAR9|134860_calculated,0.0005,0.0019,6,q,
MIR30A|407029_calculated,0,0.0012,6,q,
MTRNR2L9|100463487_calculated,0,0.0026,6,q,
MIR3918|100500851_calculated,1.9157,1.757,6,,
MIR4639|100616269_calculated,1.5212,1.0219,6,,
MIR4645|100616285_calculated,0.3243,0.1701,6,,
MIR4640|100616237_calculated,0.275,0.2784,6,,
MIR3939|100500857_calculated,0.2562,0.2609,6,,
MIR3662|100500880_calculated,0.1775,0.2041,6,,
MIR3145|100423001_calculated,0.1656,0.1893,6,,
MIR4644|100616430_calculated,0.1373,0.0858,6,,
MIR1236|100302242_calculated,0.1292,0.1739,6,,
MIR3143|100422934_calculated,0.0896,0.0628,6,,
MIR4646|100616230_calculated,0.0802,0.0608,6,,
MIR4462|100616413_calculated,0.0675,0.0088,6,,
MIR4466|100616154_calculated,0.0513,0.0248,6,,
MIR4642|100616352_calculated,0.0441,0.051,6,,
MIR3691|100500900_calculated,0.032,0.0142,6,,
MIR3692|100500899_calculated,0.0296,0.0168,6,,
MIR3925|100500885_calculated,0.0217,0.0089,6,,
MIR1913|100302141_calculated,0.0133,0.0133,6,,
MIR4282|100423005_calculated,0.0097,0.0018,6,,
MIR548AI|100616347_calculated,0.0096,0.005,6,,
MIR4464|100616109_calculated,0.0051,0.0009,6,,
MIR2113|100302164_calculated,0.0018,0.0009,6,,
MIR1275|100302123_calculated,0,0.0033,6,,
MIR3668|100500879_calculated,0,0.0014,6,,
MIR4465|100616180_calculated,0,0.0027,6,,
MIR4643|100616174_calculated,0,0.0022,6,,
